"Model","k","AUC","AUC.coast","AUC.inner","AIC"
"m1",18,0.857539123440757,0.776035086271363,0.906178911162133,97808.3938116601
"m2",41,0.878723835942007,0.795056266511091,0.925275551359439,95606.4033282392
"m3",37,0.875936474528504,0.796496133708237,0.91390956744764,95995.6829113931
"m4",30,0.867728527512076,0.780176320926391,0.910529128981655,96856.471650804
"m5",41,0.878723835942007,0.795056266511091,0.925275551359439,95606.4033282392
